{
  "HorizonLayout": [
    {
      "layout": "header_text",
      "fontSize": 28.0,
      "padding": 30.0,
      "height": 0.2,
      "title": "Stack Demo",
      "isSafeArea": true
    },

    {
      "layout": "bannerImage",
      "isSlider": true,
      "design": "stack",
      "height": 0.4,
      "showBackGround": true,
      "radius": 2.0,
      "items": [
        {
          "category": 23,
          "image": "https://user-images.githubusercontent.com/1459805/62924786-09b73580-bddb-11e9-94e1-a3bc0c00f35d.png",
          "padding": 15.0
        },
        {
          "category": 28,
          "image": "https://user-images.githubusercontent.com/1459805/62925388-73840f00-bddc-11e9-843b-8f0024836aaf.png",
          "padding": 15.0
        },
        {
          "category": 29,
          "image": "https://user-images.githubusercontent.com/1459805/62924787-09b73580-bddb-11e9-9834-4be535cea5f5.png",
          "padding": 15.0
        }
      ]
    },
    {
      "name": "Woman Collections",
      "image": "",
      "layout": "threeColumn",
      "category": 30
    }
  ],

  "Setting": {
    "MainColor": "#3FC1BE",
    "ProductListLayout": "list"
  },
  "TabBar": [
    {
      "layout": "home",
      "icon": "assets/icons/tabs/icon-home.png"
    },
    {
      "layout": "category",
      "categoryLayout": "card",
      "icon": "assets/icons/tabs/icon-category.png"
    },
    {
      "layout": "search",
      "icon": "assets/icons/tabs/icon-search.png"
    },
    {
      "layout": "cart",
      "icon": "assets/icons/tabs/icon-cart2.png"
    },
    {
      "layout": "profile",
      "icon": "assets/icons/tabs/icon-user.png"
    }
  ]
}
