{
  "Background": {
    "height": 0.3,
    "image": "https://trello-attachments.s3.amazonaws.com/5d70b58f08cb0676848fc5e5/1200x675/52fbab8f4ae9e62a7aa3a0d86a0829e6/2792283.jpg"
  },
  "HorizonLayout": [
    {
      "layout": "logo",
      "showMenu": true
    },
    {
      "layout": "header_text",
      "fontSize": 23.0,
      "height": 0.13,
      "padding": 30.0,
      "rotate": [
        "WooCommerce",
        "Magento",
        "Opencart"
      ],
      "type": "fade"
    },
    {
      "layout": "header_search",
      "text":  "Search for a product"
    },
    {
      "layout": "category",
      "type": "image",
      "wrap": false,
      "showText": true,
      "items": [
        {
          "category": 23,
          "image": "https://image.shutterstock.com/image-photo/two-shiny-fresh-roasted-coffee-260nw-562127497.jpg"
        },
        {
          "category": 25,
          "image": "https://image.shutterstock.com/image-photo/cup-coffee-260nw-507740677.jpg"
        },
        {
          "category": 26,
          "image": "https://image.shutterstock.com/image-vector/coffee-beans-realistic-set-showing-260nw-637947457.jpg"
        },
        {
          "image": "https://image.shutterstock.com/image-photo/coffee-cup-assortment-top-view-260nw-159200423.jpg",
          "category": 27
        },
        {
          "image": "https://image.shutterstock.com/image-photo/cappuccino-latte-frothy-foam-blue-260nw-531118738.jpg",
          "category": 28
        }
      ]
    }
  ],
  "VerticalLayout": {
    "layout": "list",
    "name": "Recent Collections"
  },
  "Setting": {
    "MainColor": "#3FC1BE",
    "ProductListLayout": "list"
  },
  "TabBar": [
    {
      "layout": "home",
      "icon": "assets/icons/tabs/icon-home.png"
    },
    {
      "layout": "category",
      "categoryLayout": "card",
      "icon": "assets/icons/tabs/icon-category.png"
    },
    {
      "layout": "search",
      "icon": "assets/icons/tabs/icon-search.png"
    },
    {
      "layout": "cart",
      "icon": "assets/icons/tabs/icon-cart2.png"
    },
    {
      "layout": "profile",
      "icon": "assets/icons/tabs/icon-user.png"
    }
  ]
}
