{
  "HorizonLayout": [
    {
      "layout": "bannerImage",
      "radius": 2.0,
      "padding": 0.0,
      "items": [
        {
          "category": 23,
          "image": "https://user-images.githubusercontent.com/1459805/62834091-d4430880-bc71-11e9-8163-a62d0687fb6c.png",
          "padding": 0.0
        }
      ]
    },

    {
      "layout": "header_text",
      "fontSize": 20.0,
      "title": "Our Biggest Hits"
    },

    {
      "layout": "bannerImage",
      "isSlider": true,
      "design": "swiper",
      "radius": 20.0,
      "items": [
        {
          "category": 25,
          "image": "https://user-images.githubusercontent.com/1459805/62834035-2899b880-bc71-11e9-9ed8-4ce1790e0460.jpg",
          "padding": 0.0
        },
        {
          "category": 23,
          "image": "https://user-images.githubusercontent.com/1459805/62834034-2899b880-bc71-11e9-956b-64e6d0c35d46.jpg",
          "padding": 0.0
        },
        {
          "category": 26,
          "image": "https://user-images.githubusercontent.com/1459805/62834031-28012200-bc71-11e9-9980-f090df262343.jpg",
          "padding": 0.0
        },
        {
          "category": 27,
          "image": "https://user-images.githubusercontent.com/1459805/62834036-29324f00-bc71-11e9-9262-af0b8ceeba87.jpg",
          "padding": 0.0
        }
      ]
    }
  ],

  "VerticalLayout": {
    "layout": "pinterest",
    "name": "Recent Collections"
  },

  "Setting": {
    "MainColor": "#3FC1BE",
    "ProductListLayout": "list"
  },
  "TabBar": [
    {
      "layout": "home",
      "icon": "assets/icons/tabs/icon-home.png"
    },
    {
      "layout": "category",
      "categoryLayout": "card",
      "icon": "assets/icons/tabs/icon-category.png"
    },
    {
      "layout": "search",
      "icon": "assets/icons/tabs/icon-search.png"
    },
    {
      "layout": "cart",
      "icon": "assets/icons/tabs/icon-cart2.png"
    },
    {
      "layout": "profile",
      "icon": "assets/icons/tabs/icon-user.png"
    }
  ]
}
