{
  "HorizonLayout": [
    {
      "layout": "logo"
    }
  ],
  "VerticalLayout": {
    "layout": "menu"
  },
  "Setting": {
    "MainColor": "#3FC1BE",
    "ProductListLayout": "list"
  },
  "TabBar": [
    {
      "layout": "home",
      "icon": "assets/icons/tabs/icon-home.png"
    },
    {
      "layout": "category",
      "categoryLayout": "card",
      "icon": "assets/icons/tabs/icon-category.png"
    },
    {
      "layout": "search",
      "icon": "assets/icons/tabs/icon-search.png"
    },
    {
      "layout": "cart",
      "icon": "assets/icons/tabs/icon-cart2.png"
    },
    {
      "layout": "profile",
      "icon": "assets/icons/tabs/icon-user.png"
    }
  ]
}