{"v":"5.7.1","fr":29.9700012207031,"ip":0,"op":50.0000020365418,"w":1000,"h":1000,"nm":"brokenheart","ddd":0,"assets":[],"layers":[{"ddd":0,"ind":1,"ty":4,"nm":"Layer 2 Outlines","sr":1,"ks":{"o":{"a":1,"k":[{"i":{"x":[0.754],"y":[0.834]},"o":{"x":[1],"y":[0]},"t":17,"s":[100]},{"t":43.0000017514259,"s":[0]}],"ix":11},"r":{"a":1,"k":[{"i":{"x":[0.667],"y":[1]},"o":{"x":[0.333],"y":[0]},"t":17,"s":[0]},{"t":43.0000017514259,"s":[-75]}],"ix":10},"p":{"s":true,"x":{"a":1,"k":[{"i":{"x":[0.983],"y":[0.833]},"o":{"x":[0.767],"y":[0]},"t":25,"s":[499.872]},{"t":43.0000017514259,"s":[480.872]}],"ix":3},"y":{"a":1,"k":[{"i":{"x":[0.983],"y":[0.833]},"o":{"x":[1],"y":[0]},"t":25,"s":[733.8]},{"t":43.0000017514259,"s":[799.8]}],"ix":4}},"a":{"a":0,"k":[270.833,482.8,0],"ix":1},"s":{"a":0,"k":[100,100,100],"ix":6}},"ao":0,"shapes":[{"ty":"gr","it":[{"ind":0,"ty":"sh","ix":1,"ks":{"a":1,"k":[{"i":{"x":0.833,"y":0.833},"o":{"x":0.167,"y":0.167},"t":15,"s":[{"i":[[0,0],[0,0],[0,0],[0,0],[0,0],[-58.58,58.571],[-58.58,-58.58],[0,0],[0,0],[0,0],[0,0]],"o":[[0,0],[0,0],[0,0],[0,0],[-58.58,-58.579],[58.58,-58.59],[0,0],[0,0],[0,0],[0,0],[0,0]],"v":[[107.45,134.345],[149.52,174.795],[121.19,241.425],[30.103,150.338],[-90.94,29.295],[-90.94,-182.835],[121.19,-182.835],[102.59,-148.795],[143.04,-97.025],[102.59,-33.925],[149.52,46.976]],"c":true}]},{"i":{"x":0.833,"y":0.833},"o":{"x":0.167,"y":0.167},"t":18,"s":[{"i":[[0,0],[0,0],[0,0],[41.447,33.157],[0,0],[-58.58,58.571],[-58.58,-58.58],[0,0],[0,0],[0,0],[0,0]],"o":[[0,0],[0,0],[0,0],[-99.138,-79.309],[-58.58,-58.579],[58.58,-58.59],[0,0],[0,0],[0,0],[0,0],[0,0]],"v":[[107.45,134.345],[149.52,174.795],[121.19,241.425],[-10.837,172.324],[-132.03,62.198],[-120.94,-198.835],[129.19,-196.835],[102.59,-148.795],[143.04,-97.025],[102.59,-33.925],[149.52,46.976]],"c":true}]},{"t":25.0000010182709,"s":[{"i":[[0,0],[0,0],[0,0],[0,0],[0,0],[-58.58,58.571],[-58.58,-58.58],[0,0],[0,0],[0,0],[0,0]],"o":[[0,0],[0,0],[0,0],[0,0],[-58.58,-58.579],[58.58,-58.59],[0,0],[0,0],[0,0],[0,0],[0,0]],"v":[[107.45,134.345],[149.52,174.795],[121.19,241.425],[30.103,150.338],[-90.94,29.295],[-90.94,-182.835],[121.19,-182.835],[102.59,-148.795],[143.04,-97.025],[102.59,-33.925],[149.52,46.976]],"c":true}]}],"ix":2},"nm":"Path 1","mn":"ADBE Vector Shape - Group","hd":false},{"ty":"fl","c":{"a":0,"k":[1,0,0,1],"ix":4},"o":{"a":0,"k":100,"ix":5},"r":1,"bm":0,"nm":"Fill 1","mn":"ADBE Vector Graphic - Fill","hd":false},{"ty":"tr","p":{"a":0,"k":[149.77,241.675],"ix":2},"a":{"a":0,"k":[0,0],"ix":1},"s":{"a":0,"k":[100,100],"ix":3},"r":{"a":0,"k":0,"ix":6},"o":{"a":0,"k":100,"ix":7},"sk":{"a":0,"k":0,"ix":4},"sa":{"a":0,"k":0,"ix":5},"nm":"Transform"}],"nm":"Group 1","np":2,"cix":2,"bm":0,"ix":1,"mn":"ADBE Vector Group","hd":false}],"ip":0,"op":200.000008146167,"st":0,"bm":0},{"ddd":0,"ind":2,"ty":4,"nm":"Layer 3 Outlines","sr":1,"ks":{"o":{"a":1,"k":[{"i":{"x":[0.744],"y":[0.706]},"o":{"x":[0.853],"y":[0]},"t":17,"s":[100]},{"t":43.0000017514259,"s":[0]}],"ix":11},"r":{"a":1,"k":[{"i":{"x":[0.667],"y":[1]},"o":{"x":[0.333],"y":[0]},"t":17,"s":[0]},{"t":43.0000017514259,"s":[75]}],"ix":10},"p":{"s":true,"x":{"a":1,"k":[{"i":{"x":[0.988],"y":[0.833]},"o":{"x":[0.98],"y":[0]},"t":17,"s":[501.555]},{"t":43.0000017514259,"s":[519.555]}],"ix":3},"y":{"a":1,"k":[{"i":{"x":[0.988],"y":[0.833]},"o":{"x":[1],"y":[0]},"t":17,"s":[732.425]},{"t":43.0000017514259,"s":[822.425]}],"ix":4}},"a":{"a":0,"k":[20.405,481.425,0],"ix":1},"s":{"a":0,"k":[100,100,100],"ix":6}},"ao":0,"shapes":[{"ty":"gr","it":[{"ind":0,"ty":"sh","ix":1,"ks":{"a":1,"k":[{"i":{"x":0.667,"y":1},"o":{"x":0.333,"y":0},"t":15,"s":[{"i":[[58.58,-58.59],[45.05,-48.95],[0,0],[0,0],[0,0],[0,0],[0,0],[0,0],[0,0],[0,0],[-58.58,-58.58]],"o":[[0,0],[-45.05,48.95],[0,0],[0,0],[0,0],[0,0],[0,0],[0,0],[0,0],[58.58,-58.59],[58.58,58.58]],"v":[[86.075,29.295],[-17.005,132.375],[-126.055,241.425],[-97.725,174.795],[-139.795,134.345],[-97.725,46.976],[-144.655,-33.925],[-104.205,-97.025],[-144.655,-148.795],[-126.055,-182.835],[86.075,-182.835]],"c":true}]},{"i":{"x":0.667,"y":1},"o":{"x":0.333,"y":0},"t":18,"s":[{"i":[[49.589,-91.331],[45.05,-48.95],[0,0],[0,0],[0,0],[0,0],[0,0],[0,0],[0,0],[0,0],[-58.58,-58.58]],"o":[[0,0],[-45.05,48.95],[0,0],[0,0],[0,0],[0,0],[0,0],[0,0],[0,0],[58.58,-58.59],[58.58,58.58]],"v":[[132.594,32.532],[22.096,150.154],[-126.055,241.425],[-97.725,174.795],[-139.795,134.345],[-97.725,46.976],[-144.655,-33.925],[-104.205,-97.025],[-144.655,-148.795],[-116.697,-207.888],[107.535,-189.957]],"c":true}]},{"t":25.0000010182709,"s":[{"i":[[58.58,-58.59],[45.05,-48.95],[0,0],[0,0],[0,0],[0,0],[0,0],[0,0],[0,0],[0,0],[-58.58,-58.58]],"o":[[0,0],[-45.05,48.95],[0,0],[0,0],[0,0],[0,0],[0,0],[0,0],[0,0],[58.58,-58.59],[58.58,58.58]],"v":[[86.075,29.295],[-17.005,132.375],[-126.055,241.425],[-97.725,174.795],[-139.795,134.345],[-97.725,46.976],[-144.655,-33.925],[-104.205,-97.025],[-144.655,-148.795],[-126.055,-182.835],[86.075,-182.835]],"c":true}]}],"ix":2},"nm":"Path 1","mn":"ADBE Vector Shape - Group","hd":false},{"ty":"fl","c":{"a":0,"k":[1,0,0,1],"ix":4},"o":{"a":0,"k":100,"ix":5},"r":1,"bm":0,"nm":"Fill 1","mn":"ADBE Vector Graphic - Fill","hd":false},{"ty":"tr","p":{"a":0,"k":[144.905,241.675],"ix":2},"a":{"a":0,"k":[0,0],"ix":1},"s":{"a":0,"k":[100,100],"ix":3},"r":{"a":0,"k":0,"ix":6},"o":{"a":0,"k":100,"ix":7},"sk":{"a":0,"k":0,"ix":4},"sa":{"a":0,"k":0,"ix":5},"nm":"Transform"}],"nm":"Group 1","np":2,"cix":2,"bm":0,"ix":1,"mn":"ADBE Vector Group","hd":false}],"ip":0,"op":200.000008146167,"st":0,"bm":0},{"ddd":0,"ind":3,"ty":4,"nm":"Layer 1 Outlines","sr":1,"ks":{"o":{"a":0,"k":100,"ix":11},"r":{"a":0,"k":0,"ix":10},"p":{"a":0,"k":[500.001,492.676,0],"ix":2},"a":{"a":0,"k":[270.962,241.674,0],"ix":1},"s":{"a":0,"k":[100,100,100],"ix":6}},"ao":0,"shapes":[{"ty":"gr","it":[{"ind":0,"ty":"sh","ix":1,"ks":{"a":0,"k":{"i":[[58.584,-58.584],[0,0],[0,0],[-58.576,58.576],[-58.577,-58.577],[-58.576,-58.577]],"o":[[0,0],[0,0],[-58.576,-58.577],[58.584,-58.584],[58.583,-58.584],[58.584,58.584]],"v":[[212.128,29.292],[-0.003,241.424],[-212.136,29.292],[-212.136,-182.84],[-0.003,-182.84],[212.128,-182.84]],"c":true},"ix":2},"nm":"Path 1","mn":"ADBE Vector Shape - Group","hd":false},{"ty":"fl","c":{"a":0,"k":[0.702000038297,0.702000038297,0.702000038297,1],"ix":4},"o":{"a":0,"k":100,"ix":5},"r":1,"bm":0,"nm":"Fill 1","mn":"ADBE Vector Graphic - Fill","hd":false},{"ty":"tr","p":{"a":0,"k":[270.962,241.674],"ix":2},"a":{"a":0,"k":[0,0],"ix":1},"s":{"a":0,"k":[100,100],"ix":3},"r":{"a":0,"k":0,"ix":6},"o":{"a":0,"k":100,"ix":7},"sk":{"a":0,"k":0,"ix":4},"sa":{"a":0,"k":0,"ix":5},"nm":"Transform"}],"nm":"Group 1","np":2,"cix":2,"bm":0,"ix":1,"mn":"ADBE Vector Group","hd":false}],"ip":0,"op":200.000008146167,"st":0,"bm":0}],"markers":[]}