{"v":"5.7.13","fr":30,"ip":0,"op":91,"w":1920,"h":1080,"nm":"Comp 1","ddd":0,"assets":[],"layers":[{"ddd":0,"ind":1,"ty":3,"nm":"Null 2","sr":1,"ks":{"o":{"a":0,"k":0,"ix":11},"r":{"a":1,"k":[{"i":{"x":[0.667],"y":[1]},"o":{"x":[0.333],"y":[0]},"t":0,"s":[0]},{"i":{"x":[0.667],"y":[1]},"o":{"x":[0.333],"y":[0]},"t":8.182,"s":[-6]},{"i":{"x":[0.667],"y":[1]},"o":{"x":[0.333],"y":[0]},"t":16.364,"s":[6]},{"i":{"x":[0.667],"y":[1]},"o":{"x":[0.333],"y":[0]},"t":24.545,"s":[0]},{"i":{"x":[0.667],"y":[1]},"o":{"x":[0.333],"y":[0]},"t":32.728,"s":[-6]},{"i":{"x":[0.667],"y":[1]},"o":{"x":[0.333],"y":[0]},"t":40.909,"s":[6]},{"t":45,"s":[0]}],"ix":10},"p":{"a":0,"k":[960.074,539.989,0],"ix":2,"l":2},"a":{"a":0,"k":[50,50,0],"ix":1,"l":2},"s":{"a":0,"k":[100,100,100],"ix":6,"l":2}},"ao":0,"ip":0,"op":45,"st":0,"bm":0},{"ddd":0,"ind":2,"ty":4,"nm":"Object 2","parent":1,"sr":1,"ks":{"o":{"a":0,"k":100,"ix":11},"r":{"a":0,"k":0,"ix":10},"p":{"a":1,"k":[{"i":{"x":0.164,"y":1},"o":{"x":0.333,"y":0},"t":45,"s":[181.383,49.989,0],"to":[9.833,0,0],"ti":[-9.833,0,0]},{"t":60,"s":[240.383,49.989,0]}],"ix":2,"l":2},"a":{"a":0,"k":[0,0,0],"ix":1,"l":2},"s":{"a":0,"k":[100,100,100],"ix":6,"l":2}},"ao":0,"shapes":[{"ty":"gr","it":[{"ind":0,"ty":"sh","ix":1,"ks":{"a":0,"k":{"i":[[0.521,19.502],[0,0.478],[97.475,0],[15.321,-52.104],[0.215,0.7],[0,0],[0,0],[0,0],[0,0],[0,0],[0,0],[0,0],[0,0]],"o":[[0.004,-0.477],[0,-89.638],[-77.457,0],[-0.204,-0.695],[0,0],[0,0],[0,0],[0,0],[0,0],[0,0],[0,0],[0,0],[299.907,-161.746]],"v":[[167.504,-103.278],[167.54,-104.702],[5.237,-276.415],[-132.457,-160.099],[-133.089,-162.193],[-143.032,-113.191],[-97.075,-67.233],[-167.542,15.49],[-97.075,66.043],[-167.542,133.448],[-110.862,168.681],[-159.883,214.639],[-132.368,276.415]],"c":true},"ix":2},"nm":"Path 1","mn":"ADBE Vector Shape - Group","hd":false},{"ty":"fl","c":{"a":0,"k":[0.807843148708,0,0.156862750649,1],"ix":4},"o":{"a":0,"k":100,"ix":5},"r":1,"bm":0,"nm":"Fill 1","mn":"ADBE Vector Graphic - Fill","hd":false},{"ty":"tr","p":{"a":0,"k":[0,0],"ix":2},"a":{"a":0,"k":[0,0],"ix":1},"s":{"a":0,"k":[100,100],"ix":3},"r":{"a":0,"k":0,"ix":6},"o":{"a":0,"k":100,"ix":7},"sk":{"a":0,"k":0,"ix":4},"sa":{"a":0,"k":0,"ix":5},"nm":"Transform"}],"nm":"Group 1","np":2,"cix":2,"bm":0,"ix":1,"mn":"ADBE Vector Group","hd":false}],"ip":0,"op":180,"st":0,"bm":0},{"ddd":0,"ind":3,"ty":4,"nm":"Object","parent":1,"sr":1,"ks":{"o":{"a":0,"k":100,"ix":11},"r":{"a":0,"k":0,"ix":10},"p":{"a":1,"k":[{"i":{"x":0.164,"y":1},"o":{"x":0.333,"y":0},"t":45,"s":[-82.383,50.011,0],"to":[-7.833,0,0],"ti":[7.833,0,0]},{"t":60,"s":[-129.383,50.011,0]}],"ix":2,"l":2},"a":{"a":0,"k":[0,0,0],"ix":1,"l":2},"s":{"a":0,"k":[100,100,100],"ix":6,"l":2}},"ao":0,"shapes":[{"ty":"gr","it":[{"ind":0,"ty":"sh","ix":1,"ks":{"a":0,"k":{"i":[[0,0],[0,0],[0,0],[0,0],[0,0],[0,0],[0,0],[76.424,0],[0,-89.638],[-0.004,-0.477],[-299.907,-161.746],[0,0],[-0.015,0.007],[-0.015,-0.007],[-0.016,0.007],[-0.016,-0.007],[0,0],[0,0]],"o":[[0,0],[0,0],[0,0],[0,0],[0,0],[0,0],[-15.897,-51.715],[-97.475,0],[0,0.478],[-0.521,19.502],[0,0],[0.015,-0.007],[0.015,0.007],[0.015,-0.007],[0.015,0.007],[0,0],[0,0],[0,0]],"v":[[153.904,168.659],[97.223,133.426],[167.691,66.021],[97.223,15.468],[167.691,-67.255],[121.734,-113.213],[131.677,-162.215],[-5.386,-276.437],[-167.689,-104.724],[-167.653,-103.3],[132.219,276.393],[132.219,276.437],[132.264,276.415],[132.308,276.437],[132.353,276.415],[132.398,276.437],[132.398,276.393],[104.883,214.617]],"c":true},"ix":2},"nm":"Path 1","mn":"ADBE Vector Shape - Group","hd":false},{"ty":"fl","c":{"a":0,"k":[0.807843148708,0,0.156862750649,1],"ix":4},"o":{"a":0,"k":100,"ix":5},"r":1,"bm":0,"nm":"Fill 1","mn":"ADBE Vector Graphic - Fill","hd":false},{"ty":"tr","p":{"a":0,"k":[0,0],"ix":2},"a":{"a":0,"k":[0,0],"ix":1},"s":{"a":0,"k":[100,100],"ix":3},"r":{"a":0,"k":0,"ix":6},"o":{"a":0,"k":100,"ix":7},"sk":{"a":0,"k":0,"ix":4},"sa":{"a":0,"k":0,"ix":5},"nm":"Transform"}],"nm":"Group 1","np":2,"cix":2,"bm":0,"ix":1,"mn":"ADBE Vector Group","hd":false}],"ip":0,"op":180,"st":0,"bm":0}],"markers":[]}