{
  "HorizonLayout": [
    {
      "layout": "logo",
      "showMenu": true,
      "showSearch": true
    },
    {
      "layout": "category",
      "type": "icon",
      "wrap": false,
      "size": 1.0,
      "radius": 50.0,
      "items": [
        {
          "category": 18,
          "name": "رجل",
          "image": "https://user-images.githubusercontent.com/1459805/62820029-2e679f00-bb88-11e9-80de-fdf115cfd942.png",
          "colors": [
            "#3CC2BF",
            "#3CC2BF"
          ],
          "originalColor": false
        },
        {
          "category": 23,
          "image": "assets/icons/categories/ic_dress.png",
          "colors": [
            "#3E6AB5",
            "#3E6AB5"
          ]
        },
        {
          "category": 28,
          "image": "assets/icons/categories/ic_shorts.png",
          "colors": [
            "#53A2CC",
            "#53A2CC"
          ]
        },
        {
          "category": 25,
          "image": "assets/icons/categories/ic_glasses.png",
          "colors": [
            "#53688A",
            "#53688A"
          ]
        },
        {
          "category": 26,
          "image": "assets/icons/categories/ic_tie.png",
          "colors": [
            "#43506A",
            "#43506A"
          ]
        },
        {
          "category": 27,
          "image": "assets/icons/categories/ic_panties.png",
          "colors": [
            "#12B58C",
            "#12B58C"
          ]
        }
      ]
    },
    {
      "layout": "bannerImage",
      "isSlider": true,
      "autoPlay": false,
      "showNumber": false,
      "design": "default",
      "showBackGround": true,
      "radius": 2.0,
      "items": [
        {
          "category": 18,
          "image": "https://user-images.githubusercontent.com/1459805/59846818-12672e80-938b-11e9-8184-5f7bfe66f1a2.png",
          "padding": 15.0
        },
        {
          "category": 28,
          "image": "https://user-images.githubusercontent.com/1459805/60091575-1f12ca80-976f-11e9-962c-bdccff60d143.png",
          "padding": 15.0
        },
        {
          "product": 436,
          "image": "https://user-images.githubusercontent.com/1459805/60091808-a19b8a00-976f-11e9-9cc7-576ca05c2442.png",
          "padding": 15.0
        }
      ]
    },
    {
      "layout": "bannerImage",
      "items": [
        {
          "url": "https://inspireui.com",
          "image": "https://user-images.githubusercontent.com/1459805/59846820-12672e80-938b-11e9-8fa6-b331b7db331d.png",
          "padding": 5.0
        }
      ]
    },
    {
      "layout": "bannerImage",
      "items": [
        {
          "category": 27,
          "image": "https://user-images.githubusercontent.com/1459805/59846823-12ffc500-938b-11e9-8d93-65ead3d6b1dd.png",
          "padding": 5.0
        },
        {
          "category": 29,
          "image": "https://user-images.githubusercontent.com/1459805/59846824-12ffc500-938b-11e9-8d5a-fc42cb1b7658.png",
          "padding": 5.0,
          "featured": true
        }
      ]
    },
    {
      "name": "عرض الأخيرة",
      "layout": "recentView"
    },
    {
      "name": "مجموعات المرأة",
      "image": "",
      "layout": "threeColumn",
      "category": 30,
      "isSnapping": true
    },
    {
      "name": "مجموعات الرجل",
      "image": "",
      "layout": "twoColumn",
      "category": 23,
      "isSnapping": true
    },
    {
      "name": "بلوق وظائف",
      "layout": "blog"
    },
    {
      "name": "مجموعات الرجل",
      "layout": "staggered",
      "limit": 24,
      "category": 29
    }
  ],
  "Setting": {
    "MainColor": "#3FC1BE",
    "ProductListLayout": "list",
    "StickyHeader": false
  },
  "TabBar": [{
    "layout": "home",
    "icon": "assets/icons/tabs/icon-home.png"
  },

    {
      "layout": "search",
      "icon": "assets/icons/tabs/icon-search.png"
    },
    {
      "layout": "cart",
      "icon": "assets/icons/tabs/icon-cart2.png"
    },
    {
      "layout": "profile",
      "icon": "assets/icons/tabs/icon-user.png"
    }
  ],
  "searchSuggestion": [
    "بن سادة",
    "بن وسط",
    "بن غامق",
    "كوفي ميكس"
   
  ],
  "OnBoarding": {
    "data": [
      {
        "title": "اهلا بيك في استينج",
        "image": "assets/fashion/logo.png",
        "desc": "استينج",
        "background": "#000000"
      },
      {
        "title": "بنوصل لمصر كلها",
        "image": "assets/fashion/fashionLogo.jpg",
        "desc": "توصيل سريع",
        "background": "#F2FFFC"
      },
      {
        "title": "يلا نبتدي",
        "image": "assets/fashion/fashionLogo.jpg",
        "desc": "Waiting no more, let's see what we get!",
        "background": "#F9F2FF"
      }
    ]
  }
}