{
  "project_info": {
    "project_number": "1077822143272",
    "project_id": "fashion-family-6a669",
    "storage_bucket": "fashion-family-6a669.appspot.com"
  },
  "client": [
    {
      "client_info": {
        "mobilesdk_app_id": "1:1077822143272:android:16d5602f7659f014aa2e1d",
        "android_client_info": {
          "package_name": "com.dokkan.fashionfamily"
        }
      },
      "oauth_client": [
        {
          "client_id": "1077822143272-3g8hqqr9si1iv0h4vs83eac0fejam4jk.apps.googleusercontent.com",
          "client_type": 3
        }
      ],
      "api_key": [
        {
          "current_key": "AIzaSyAsjYsUU4D4vgwArWCiwrh9asP8ccW54_o"
        }
      ],
      "services": {
        "appinvite_service": {
          "other_platform_oauth_client": [
            {
              "client_id": "1077822143272-3g8hqqr9si1iv0h4vs83eac0fejam4jk.apps.googleusercontent.com",
              "client_type": 3
            },
            {
              "client_id": "1077822143272-ug9lfb7d5sru76foa6im80e03koocopp.apps.googleusercontent.com",
              "client_type": 2,
              "ios_info": {
                "bundle_id": "com.dokkan.fashionfamily"
              }
            }
          ]
        }
      }
    }
  ],
  "configuration_version": "1"
}